<?xml version="1.0" encoding="UTF-8"?>
<project-private xmlns="http://www.netbeans.org/ns/project-private/1">
    <editor-bookmarks xmlns="http://www.netbeans.org/ns/editor-bookmarks/2" lastBookmarkId="0"/>
    <open-files xmlns="http://www.netbeans.org/ns/projectui-open-files/2">
        <group>
            <file>file:/D:/Elias/Documents/HTL/Schule/2016_17/POS/Android/Soccer-App/G2_Sonnberger/SoccerApp%20WS%20Abgabe%20für%20G2%20,%20Haider,%20Kirchbaumer,%20Wucherer/SoccerAppWeb/src/java/edu/soccer/rs/resource/PlayerResource.java</file>
            <file>file:/D:/Elias/Documents/HTL/Schule/2016_17/POS/Android/Soccer-App/G2_Sonnberger/SoccerApp%20WS%20Abgabe%20für%20G2%20,%20Haider,%20Kirchbaumer,%20Wucherer/SoccerAppWeb/src/java/edu/soccer/database/dao/PlayerService.java</file>
            <file>file:/D:/Elias/Documents/HTL/Schule/2016_17/POS/Android/Soccer-App/G2_Sonnberger/SoccerApp%20WS%20Abgabe%20für%20G2%20,%20Haider,%20Kirchbaumer,%20Wucherer/SoccerAppWeb/src/java/edu/soccer/database/dao/IOManager.java</file>
            <file>file:/D:/Elias/Documents/HTL/Schule/2016_17/POS/Android/Soccer-App/G2_Sonnberger/SoccerApp%20WS%20Abgabe%20für%20G2%20,%20Haider,%20Kirchbaumer,%20Wucherer/SoccerAppWeb/src/java/edu/soccer/rs/resource/GameResource.java</file>
            <file>file:/D:/Elias/Documents/HTL/Schule/2016_17/POS/Android/Soccer-App/G2_Sonnberger/SoccerApp%20WS%20Abgabe%20für%20G2%20,%20Haider,%20Kirchbaumer,%20Wucherer/SoccerAppWeb/src/java/edu/soccer/database/dto/LoginCredentials.java</file>
            <file>file:/D:/Elias/Documents/HTL/Schule/2016_17/POS/Android/Soccer-App/G2_Sonnberger/SoccerApp%20WS%20Abgabe%20für%20G2%20,%20Haider,%20Kirchbaumer,%20Wucherer/SoccerAppWeb/src/java/edu/soccer/database/dto/enums/Action.java</file>
            <file>file:/D:/Elias/Documents/HTL/Schule/2016_17/POS/Android/Soccer-App/G2_Sonnberger/SoccerApp%20WS%20Abgabe%20für%20G2%20,%20Haider,%20Kirchbaumer,%20Wucherer/SoccerAppWeb/src/java/edu/soccer/database/dao/AuthorizationService.java</file>
            <file>file:/D:/Elias/Documents/HTL/Schule/2016_17/POS/Android/Soccer-App/G2_Sonnberger/SoccerApp%20WS%20Abgabe%20für%20G2%20,%20Haider,%20Kirchbaumer,%20Wucherer/SoccerAppWeb/src/java/edu/soccer/rs/resource/ParticipationResource.java</file>
        </group>
    </open-files>
</project-private>
